{ 
    "form": { 
        "width": 500,
        "height": 150,
        "location": [0, 0]
    },
 

    "buttons": [
        [
            { "id": 1, "text": "Cmd" },
            { "id": 2, "text": "Notepad" }
        ],
        [
            { "id": 3, "text": "Taskmgr" }
        ]
    ],
    
    "events": [
        {
            "id": 1,
            "eventName": "C:\\Windows\\System32\\cmd.exe"
        },
        {
            "id": 2,
            "eventName": "C:\\Windows\\System32\\notepad.exe"
        },
        {
            "id": 3,
            "eventName": "C:\\Windows\\System32\\taskmgr.exe"
        }
    ]
}