{
    "form": {
        "name":"Arayüz16.3.x",
        "width": 550,
        "height":140,
        "location": [-8, -10],
        "buttonsize":"auto",
        "alwaysontop":true,
        "brightness":80
    },
    "menu": {
    "control":["alwaysontop","#b7d0bc","#fae5d3"],
        "program": [
            { "list": "Taskmgr"  , "openfile": "C:\\Windows\\System32\\taskmgr.exe" },
            { "list": "Notepad"   , "openfilemin": "C:\\Windows\\System32\\notepad.exe" , "args":"abc" }
        ],
        "dosyalarım": [
            { "list": "System32" , "openfolder": "C:\\Windows\\System32" }
        ]
    },
    "buttons": [
        [
            { "text": "Cmd"       , "openfile": "C:\\Windows\\System32\\cmd.exe" }, 
            { "text": "Paint"     , "openfile": "C:\\Windows\\System32\\mspaint.exe" }, 
            { "text": "Notepad"   , "openfile": "C:\\Windows\\System32\\notepad.exe" },
            { "text": "Notepad2"  , "openfile": "C:\\Windows\\System32\\notepad.exe" , "args":"abc" }
        ],
        [
            { "text":  "System32" , "openfolder": "C:\\Windows\\System32" },
            { "text": "Calculator", "openfile": "C:\\Windows\\System32\\calc.exe" }
        ]
    ] 
}



